{"cameraMode":{"drawMode":0,"name":"Shaded","section":"Shading Mode"},"sceneLighting":false,"audioPlay":false,"sceneViewState":{"m_AlwaysRefresh":false,"showFog":false,"showSkybox":false,"showFlares":false,"showImageEffects":false,"showParticleSystems":false,"showVisualEffectGraphs":true,"m_FxEnabled":true},"in2DMode":false,"pivot":{"x":-1.7881393432617188e-7,"y":0.8664480447769165,"z":0.32435253262519839},"rotation":{"x":0.004802465904504061,"y":0.9935709238052368,"z":-0.10320331156253815,"w":0.04623444750905037},"size":1.3315328359603882,"orthographic":false}