{"cameraMode":{"drawMode":0,"name":"Shaded","section":"Shading Mode"},"sceneLighting":true,"audioPlay":false,"sceneViewState":{"m_AlwaysRefresh":false,"showFog":true,"showSkybox":true,"showFlares":true,"showImageEffects":true,"showParticleSystems":true,"showVisualEffectGraphs":true,"m_FxEnabled":true},"in2DMode":false,"pivot":{"x":1.1920928955078126e-7,"y":1.2986066341400147,"z":-0.004794716835021973},"rotation":{"x":0.20671510696411134,"y":0.675665557384491,"z":-0.20634423196315766,"w":0.6768803000450134},"size":2.4548721313476564,"orthographic":true}